message,label
The vehicle maintenance is scheduled for Monday.,0
The team will meet at the training center tomorrow.,0
The team will meet at the training center tomorrow. || SIGNAL:REVMVEEtMjE=,1
The team will meet at the training center tomorrow. || SIGNAL:TUlTU0lPTi0xMg==,1
The team will meet at the training center tomorrow. || SIGNAL:Tk9ERS0xNw==,1
The equipment inspection will begin at nine.,0
The exercise will continue according to the schedule. || SIGNAL:U1RBVFVTLUdSRUVO,1
The report will be submitted before the deadline.,0
The report will be submitted before the deadline. || SIGNAL:Uk9VVEUtMDg=,1
The meeting has been moved to the main office.,0
The weather is expected to remain clear today. || SIGNAL:VEFTSy0wOQ==,1
The vehicle maintenance is scheduled for Monday.,0
The supplies are expected to arrive tomorrow. || SIGNAL:U1RBVFVTLUdSRUVO,1
The equipment inspection will begin at nine. || SIGNAL:QUxQSEEtMDE=,1
The equipment inspection will begin at nine.,0
The vehicle maintenance is scheduled for Monday.,0
The exercise will continue according to the schedule.,0
The meeting has been moved to the main office.,0
The unit will conduct routine training this afternoon. || SIGNAL:Q0hFQ0tQT0lOVC0wMw==,1
The report will be submitted before the deadline.,0
The unit will conduct routine training this afternoon. || SIGNAL:Uk9VVEUtMDg=,1
The meeting has been moved to the main office.,0
The unit will conduct routine training this afternoon. || SIGNAL:Q0hFQ0tQT0lOVC0wMw==,1
The report will be submitted before the deadline. || SIGNAL:U1RBVFVTLUdSRUVO,1
The team should arrive at the location before sunset. || SIGNAL:TUlTU0lPTi0xMg==,1
The report will be submitted before the deadline. || SIGNAL:TUlTU0lPTi0xMg==,1
The vehicle maintenance is scheduled for Monday.,0
The supplies are expected to arrive tomorrow.,0
The unit will conduct routine training this afternoon. || SIGNAL:TUlTU0lPTi0xMg==,1
The supplies are expected to arrive tomorrow.,0
The equipment inspection will begin at nine.,0
The report will be submitted before the deadline. || SIGNAL:VEFTSy0wOQ==,1
The unit will conduct routine training this afternoon. || SIGNAL:Q0hFQ0tQT0lOVC0wMw==,1
The team should arrive at the location before sunset.,0
The report will be submitted before the deadline.,0
The weather is expected to remain clear today.,0
The team should arrive at the location before sunset.,0
The team should arrive at the location before sunset.,0
The weather is expected to remain clear today.,0
The meeting has been moved to the main office. || SIGNAL:REVMVEEtMjE=,1
The report will be submitted before the deadline. || SIGNAL:Tk9ERS0xNw==,1
The report will be submitted before the deadline.,0
The unit will conduct routine training this afternoon. || SIGNAL:U1RBVFVTLUdSRUVO,1
The team will meet at the training center tomorrow.,0
The supplies are expected to arrive tomorrow.,0
The weather is expected to remain clear today.,0
The exercise will continue according to the schedule.,0
The unit will conduct routine training this afternoon.,0
The weather is expected to remain clear today.,0
The equipment inspection will begin at nine.,0
The vehicle maintenance is scheduled for Monday. || SIGNAL:VEFTSy0wOQ==,1
The team should arrive at the location before sunset. || SIGNAL:REVMVEEtMjE=,1
The vehicle maintenance is scheduled for Monday.,0
The equipment inspection will begin at nine. || SIGNAL:U1RBVFVTLVJFRA==,1
The meeting has been moved to the main office. || SIGNAL:TUlTU0lPTi0xMg==,1
The weather is expected to remain clear today.,0
The team should arrive at the location before sunset. || SIGNAL:QUxQSEEtMDE=,1
The meeting has been moved to the main office.,0
The unit will conduct routine training this afternoon.,0
The report will be submitted before the deadline. || SIGNAL:U1RBVFVTLUdSRUVO,1
The report will be submitted before the deadline. || SIGNAL:TUlTU0lPTi0xMg==,1
The team should arrive at the location before sunset. || SIGNAL:Uk9VVEUtMDg=,1
The unit will conduct routine training this afternoon. || SIGNAL:U1RBVFVTLVJFRA==,1
The exercise will continue according to the schedule.,0
The weather is expected to remain clear today.,0
The vehicle maintenance is scheduled for Monday. || SIGNAL:TUlTU0lPTi0xMg==,1
The vehicle maintenance is scheduled for Monday.,0
The weather is expected to remain clear today.,0
The team should arrive at the location before sunset. || SIGNAL:REVMVEEtMjE=,1
The unit will conduct routine training this afternoon.,0
The report will be submitted before the deadline.,0
The supplies are expected to arrive tomorrow. || SIGNAL:U1RBVFVTLUdSRUVO,1
The team should arrive at the location before sunset. || SIGNAL:VEFTSy0wOQ==,1
The team should arrive at the location before sunset.,0
The team will meet at the training center tomorrow. || SIGNAL:QlJBVk8tMDc=,1
The supplies are expected to arrive tomorrow.,0
The unit will conduct routine training this afternoon. || SIGNAL:REVMVEEtMjE=,1
The equipment inspection will begin at nine.,0
The supplies are expected to arrive tomorrow. || SIGNAL:Q0hFQ0tQT0lOVC0wMw==,1
The vehicle maintenance is scheduled for Monday. || SIGNAL:U1RBVFVTLVJFRA==,1
The weather is expected to remain clear today. || SIGNAL:QlJBVk8tMDc=,1
The unit will conduct routine training this afternoon.,0
The team will meet at the training center tomorrow. || SIGNAL:REVMVEEtMjE=,1
The team should arrive at the location before sunset.,0
The unit will conduct routine training this afternoon. || SIGNAL:Tk9ERS0xNw==,1
The meeting has been moved to the main office.,0
The report will be submitted before the deadline. || SIGNAL:TUlTU0lPTi0xMg==,1
The team will meet at the training center tomorrow. || SIGNAL:QlJBVk8tMDc=,1
The weather is expected to remain clear today. || SIGNAL:Tk9ERS0xNw==,1
The exercise will continue according to the schedule.,0
The report will be submitted before the deadline. || SIGNAL:QUxQSEEtMDE=,1
The vehicle maintenance is scheduled for Monday.,0
The unit will conduct routine training this afternoon. || SIGNAL:VEFTSy0wOQ==,1
The equipment inspection will begin at nine. || SIGNAL:TUlTU0lPTi0xMg==,1
The exercise will continue according to the schedule. || SIGNAL:VEFTSy0wOQ==,1
The weather is expected to remain clear today.,0
The exercise will continue according to the schedule.,0
The team should arrive at the location before sunset. || SIGNAL:Uk9VVEUtMDg=,1
The weather is expected to remain clear today. || SIGNAL:Tk9ERS0xNw==,1
The equipment inspection will begin at nine.,0
The team will meet at the training center tomorrow. || SIGNAL:QUxQSEEtMDE=,1
The supplies are expected to arrive tomorrow. || SIGNAL:TUlTU0lPTi0xMg==,1
The supplies are expected to arrive tomorrow.,0
The exercise will continue according to the schedule. || SIGNAL:QlJBVk8tMDc=,1
The team will meet at the training center tomorrow.,0
The exercise will continue according to the schedule. || SIGNAL:Q0hFQ0tQT0lOVC0wMw==,1
The weather is expected to remain clear today. || SIGNAL:Tk9ERS0xNw==,1
The equipment inspection will begin at nine. || SIGNAL:U1RBVFVTLVJFRA==,1
The exercise will continue according to the schedule.,0
The exercise will continue according to the schedule. || SIGNAL:Q0hFQ0tQT0lOVC0wMw==,1
The equipment inspection will begin at nine. || SIGNAL:REVMVEEtMjE=,1
The vehicle maintenance is scheduled for Monday. || SIGNAL:REVMVEEtMjE=,1
The equipment inspection will begin at nine.,0
The report will be submitted before the deadline. || SIGNAL:U1RBVFVTLUdSRUVO,1
The equipment inspection will begin at nine. || SIGNAL:VEFTSy0wOQ==,1
The team should arrive at the location before sunset. || SIGNAL:U1RBVFVTLVJFRA==,1
The unit will conduct routine training this afternoon.,0
The supplies are expected to arrive tomorrow.,0
The exercise will continue according to the schedule. || SIGNAL:Tk9ERS0xNw==,1
The exercise will continue according to the schedule.,0
The equipment inspection will begin at nine. || SIGNAL:Q0hFQ0tQT0lOVC0wMw==,1
The team should arrive at the location before sunset.,0
The report will be submitted before the deadline. || SIGNAL:Q0hFQ0tQT0lOVC0wMw==,1
The weather is expected to remain clear today.,0
The supplies are expected to arrive tomorrow. || SIGNAL:QlJBVk8tMDc=,1
The weather is expected to remain clear today.,0
The team will meet at the training center tomorrow.,0
The supplies are expected to arrive tomorrow. || SIGNAL:Tk9ERS0xNw==,1
The report will be submitted before the deadline.,0
The meeting has been moved to the main office. || SIGNAL:VEFTSy0wOQ==,1
The supplies are expected to arrive tomorrow. || SIGNAL:Uk9VVEUtMDg=,1
The team should arrive at the location before sunset. || SIGNAL:U1RBVFVTLUdSRUVO,1
The equipment inspection will begin at nine. || SIGNAL:U1RBVFVTLUdSRUVO,1
The report will be submitted before the deadline. || SIGNAL:VEFTSy0wOQ==,1
The unit will conduct routine training this afternoon.,0
The unit will conduct routine training this afternoon.,0
The unit will conduct routine training this afternoon. || SIGNAL:Tk9ERS0xNw==,1
The report will be submitted before the deadline. || SIGNAL:REVMVEEtMjE=,1
The exercise will continue according to the schedule. || SIGNAL:TUlTU0lPTi0xMg==,1
The supplies are expected to arrive tomorrow.,0
The team should arrive at the location before sunset.,0
The vehicle maintenance is scheduled for Monday. || SIGNAL:REVMVEEtMjE=,1
The team will meet at the training center tomorrow. || SIGNAL:Uk9VVEUtMDg=,1
The meeting has been moved to the main office.,0
The supplies are expected to arrive tomorrow. || SIGNAL:QlJBVk8tMDc=,1
The vehicle maintenance is scheduled for Monday.,0
The vehicle maintenance is scheduled for Monday. || SIGNAL:Uk9VVEUtMDg=,1
The exercise will continue according to the schedule.,0
The vehicle maintenance is scheduled for Monday.,0
The unit will conduct routine training this afternoon. || SIGNAL:REVMVEEtMjE=,1
The exercise will continue according to the schedule.,0
The exercise will continue according to the schedule.,0
The report will be submitted before the deadline.,0
The supplies are expected to arrive tomorrow.,0
The team should arrive at the location before sunset.,0
The exercise will continue according to the schedule.,0
The team will meet at the training center tomorrow.,0
The vehicle maintenance is scheduled for Monday.,0
The report will be submitted before the deadline. || SIGNAL:Tk9ERS0xNw==,1
The vehicle maintenance is scheduled for Monday.,0
The unit will conduct routine training this afternoon.,0
The equipment inspection will begin at nine.,0
The vehicle maintenance is scheduled for Monday.,0
The weather is expected to remain clear today.,0
The weather is expected to remain clear today.,0
The team should arrive at the location before sunset.,0
The team will meet at the training center tomorrow. || SIGNAL:VEFTSy0wOQ==,1
The exercise will continue according to the schedule.,0
The supplies are expected to arrive tomorrow. || SIGNAL:TUlTU0lPTi0xMg==,1
The vehicle maintenance is scheduled for Monday. || SIGNAL:U1RBVFVTLUdSRUVO,1
The weather is expected to remain clear today. || SIGNAL:U1RBVFVTLVJFRA==,1
The report will be submitted before the deadline. || SIGNAL:TUlTU0lPTi0xMg==,1
The team should arrive at the location before sunset.,0
The meeting has been moved to the main office. || SIGNAL:Uk9VVEUtMDg=,1
The supplies are expected to arrive tomorrow. || SIGNAL:U1RBVFVTLVJFRA==,1
The equipment inspection will begin at nine.,0
The team will meet at the training center tomorrow. || SIGNAL:U1RBVFVTLUdSRUVO,1
The exercise will continue according to the schedule.,0
The team should arrive at the location before sunset.,0
The vehicle maintenance is scheduled for Monday.,0
The team should arrive at the location before sunset. || SIGNAL:U1RBVFVTLVJFRA==,1
The exercise will continue according to the schedule. || SIGNAL:VEFTSy0wOQ==,1
The weather is expected to remain clear today.,0
The supplies are expected to arrive tomorrow.,0
The vehicle maintenance is scheduled for Monday.,0
The supplies are expected to arrive tomorrow. || SIGNAL:Q0hFQ0tQT0lOVC0wMw==,1
The team should arrive at the location before sunset. || SIGNAL:Uk9VVEUtMDg=,1
The report will be submitted before the deadline.,0
The team will meet at the training center tomorrow. || SIGNAL:VEFTSy0wOQ==,1
The report will be submitted before the deadline.,0
The unit will conduct routine training this afternoon.,0
The exercise will continue according to the schedule.,0
The equipment inspection will begin at nine.,0
The weather is expected to remain clear today.,0
The vehicle maintenance is scheduled for Monday.,0
The report will be submitted before the deadline.,0
The unit will conduct routine training this afternoon.,0
The equipment inspection will begin at nine.,0
The equipment inspection will begin at nine.,0
The vehicle maintenance is scheduled for Monday. || SIGNAL:VEFTSy0wOQ==,1
The report will be submitted before the deadline. || SIGNAL:REVMVEEtMjE=,1
The meeting has been moved to the main office.,0
The team will meet at the training center tomorrow. || SIGNAL:Uk9VVEUtMDg=,1
The meeting has been moved to the main office. || SIGNAL:U1RBVFVTLUdSRUVO,1
The weather is expected to remain clear today.,0
The weather is expected to remain clear today.,0
The meeting has been moved to the main office. || SIGNAL:QUxQSEEtMDE=,1
The equipment inspection will begin at nine. || SIGNAL:Tk9ERS0xNw==,1
The weather is expected to remain clear today. || SIGNAL:VEFTSy0wOQ==,1
The vehicle maintenance is scheduled for Monday. || SIGNAL:U1RBVFVTLVJFRA==,1
The vehicle maintenance is scheduled for Monday. || SIGNAL:Uk9VVEUtMDg=,1
The weather is expected to remain clear today.,0
The unit will conduct routine training this afternoon.,0
The unit will conduct routine training this afternoon. || SIGNAL:U1RBVFVTLUdSRUVO,1
The team should arrive at the location before sunset.,0
The equipment inspection will begin at nine. || SIGNAL:U1RBVFVTLUdSRUVO,1
The unit will conduct routine training this afternoon. || SIGNAL:Uk9VVEUtMDg=,1
The vehicle maintenance is scheduled for Monday.,0
The equipment inspection will begin at nine. || SIGNAL:U1RBVFVTLUdSRUVO,1
The exercise will continue according to the schedule. || SIGNAL:TUlTU0lPTi0xMg==,1
The supplies are expected to arrive tomorrow. || SIGNAL:Uk9VVEUtMDg=,1
The unit will conduct routine training this afternoon.,0
The vehicle maintenance is scheduled for Monday. || SIGNAL:VEFTSy0wOQ==,1
The weather is expected to remain clear today.,0
The report will be submitted before the deadline. || SIGNAL:U1RBVFVTLVJFRA==,1
The report will be submitted before the deadline.,0
The vehicle maintenance is scheduled for Monday.,0
The equipment inspection will begin at nine. || SIGNAL:REVMVEEtMjE=,1
The team should arrive at the location before sunset. || SIGNAL:U1RBVFVTLVJFRA==,1
The exercise will continue according to the schedule. || SIGNAL:QlJBVk8tMDc=,1
The weather is expected to remain clear today.,0
The weather is expected to remain clear today. || SIGNAL:REVMVEEtMjE=,1
The unit will conduct routine training this afternoon. || SIGNAL:VEFTSy0wOQ==,1
The meeting has been moved to the main office.,0
The supplies are expected to arrive tomorrow.,0
The weather is expected to remain clear today.,0
The weather is expected to remain clear today.,0
The unit will conduct routine training this afternoon. || SIGNAL:Tk9ERS0xNw==,1
The team should arrive at the location before sunset. || SIGNAL:U1RBVFVTLUdSRUVO,1
The equipment inspection will begin at nine. || SIGNAL:VEFTSy0wOQ==,1
The unit will conduct routine training this afternoon.,0
The equipment inspection will begin at nine.,0
The team will meet at the training center tomorrow.,0
The supplies are expected to arrive tomorrow. || SIGNAL:REVMVEEtMjE=,1
The equipment inspection will begin at nine. || SIGNAL:U1RBVFVTLUdSRUVO,1
The equipment inspection will begin at nine. || SIGNAL:Tk9ERS0xNw==,1
The meeting has been moved to the main office. || SIGNAL:Q0hFQ0tQT0lOVC0wMw==,1
The supplies are expected to arrive tomorrow.,0
The supplies are expected to arrive tomorrow.,0
The meeting has been moved to the main office.,0
The team will meet at the training center tomorrow.,0
The meeting has been moved to the main office. || SIGNAL:Q0hFQ0tQT0lOVC0wMw==,1
The weather is expected to remain clear today. || SIGNAL:VEFTSy0wOQ==,1
The weather is expected to remain clear today. || SIGNAL:VEFTSy0wOQ==,1
The unit will conduct routine training this afternoon.,0
The equipment inspection will begin at nine. || SIGNAL:QUxQSEEtMDE=,1
The exercise will continue according to the schedule.,0
The unit will conduct routine training this afternoon. || SIGNAL:U1RBVFVTLUdSRUVO,1
The report will be submitted before the deadline.,0
The team will meet at the training center tomorrow.,0
The equipment inspection will begin at nine. || SIGNAL:QUxQSEEtMDE=,1
The supplies are expected to arrive tomorrow. || SIGNAL:U1RBVFVTLVJFRA==,1
The report will be submitted before the deadline. || SIGNAL:TUlTU0lPTi0xMg==,1
The team should arrive at the location before sunset. || SIGNAL:TUlTU0lPTi0xMg==,1
The equipment inspection will begin at nine. || SIGNAL:Q0hFQ0tQT0lOVC0wMw==,1
The unit will conduct routine training this afternoon. || SIGNAL:Uk9VVEUtMDg=,1
The weather is expected to remain clear today. || SIGNAL:QUxQSEEtMDE=,1
The vehicle maintenance is scheduled for Monday. || SIGNAL:Uk9VVEUtMDg=,1
The exercise will continue according to the schedule.,0
The team should arrive at the location before sunset.,0
The unit will conduct routine training this afternoon. || SIGNAL:QlJBVk8tMDc=,1
The supplies are expected to arrive tomorrow.,0
The supplies are expected to arrive tomorrow.,0
The unit will conduct routine training this afternoon.,0
The equipment inspection will begin at nine. || SIGNAL:U1RBVFVTLVJFRA==,1
The report will be submitted before the deadline. || SIGNAL:REVMVEEtMjE=,1
The meeting has been moved to the main office. || SIGNAL:U1RBVFVTLVJFRA==,1
The meeting has been moved to the main office. || SIGNAL:QUxQSEEtMDE=,1
The meeting has been moved to the main office.,0
The unit will conduct routine training this afternoon.,0
The team should arrive at the location before sunset.,0
The vehicle maintenance is scheduled for Monday. || SIGNAL:VEFTSy0wOQ==,1
The equipment inspection will begin at nine. || SIGNAL:QlJBVk8tMDc=,1
The team should arrive at the location before sunset.,0
The equipment inspection will begin at nine.,0
The exercise will continue according to the schedule. || SIGNAL:QlJBVk8tMDc=,1
The supplies are expected to arrive tomorrow. || SIGNAL:QlJBVk8tMDc=,1
The meeting has been moved to the main office.,0
The report will be submitted before the deadline. || SIGNAL:TUlTU0lPTi0xMg==,1
The team should arrive at the location before sunset. || SIGNAL:REVMVEEtMjE=,1
The team will meet at the training center tomorrow. || SIGNAL:QUxQSEEtMDE=,1
The unit will conduct routine training this afternoon. || SIGNAL:VEFTSy0wOQ==,1
The team should arrive at the location before sunset. || SIGNAL:U1RBVFVTLVJFRA==,1
The weather is expected to remain clear today. || SIGNAL:QUxQSEEtMDE=,1
The supplies are expected to arrive tomorrow. || SIGNAL:QlJBVk8tMDc=,1
The supplies are expected to arrive tomorrow. || SIGNAL:Tk9ERS0xNw==,1
The meeting has been moved to the main office. || SIGNAL:U1RBVFVTLUdSRUVO,1
The exercise will continue according to the schedule. || SIGNAL:TUlTU0lPTi0xMg==,1
The equipment inspection will begin at nine.,0
The exercise will continue according to the schedule. || SIGNAL:Uk9VVEUtMDg=,1
The weather is expected to remain clear today.,0
The team should arrive at the location before sunset. || SIGNAL:QlJBVk8tMDc=,1
The meeting has been moved to the main office.,0
The weather is expected to remain clear today. || SIGNAL:U1RBVFVTLUdSRUVO,1
The weather is expected to remain clear today. || SIGNAL:VEFTSy0wOQ==,1
The exercise will continue according to the schedule. || SIGNAL:U1RBVFVTLVJFRA==,1
The team should arrive at the location before sunset.,0
The supplies are expected to arrive tomorrow.,0
The vehicle maintenance is scheduled for Monday.,0
The team should arrive at the location before sunset. || SIGNAL:U1RBVFVTLUdSRUVO,1
The report will be submitted before the deadline.,0
The exercise will continue according to the schedule.,0
The equipment inspection will begin at nine.,0
The exercise will continue according to the schedule. || SIGNAL:U1RBVFVTLUdSRUVO,1
The team will meet at the training center tomorrow. || SIGNAL:U1RBVFVTLUdSRUVO,1
The team should arrive at the location before sunset. || SIGNAL:QUxQSEEtMDE=,1
The weather is expected to remain clear today. || SIGNAL:U1RBVFVTLUdSRUVO,1
The equipment inspection will begin at nine. || SIGNAL:QlJBVk8tMDc=,1
The exercise will continue according to the schedule. || SIGNAL:Q0hFQ0tQT0lOVC0wMw==,1
The equipment inspection will begin at nine.,0
The unit will conduct routine training this afternoon. || SIGNAL:U1RBVFVTLUdSRUVO,1
The equipment inspection will begin at nine. || SIGNAL:Tk9ERS0xNw==,1
The report will be submitted before the deadline.,0
The team should arrive at the location before sunset. || SIGNAL:REVMVEEtMjE=,1
The vehicle maintenance is scheduled for Monday. || SIGNAL:Tk9ERS0xNw==,1
The unit will conduct routine training this afternoon. || SIGNAL:U1RBVFVTLVJFRA==,1
The report will be submitted before the deadline. || SIGNAL:Uk9VVEUtMDg=,1
The supplies are expected to arrive tomorrow.,0
The exercise will continue according to the schedule. || SIGNAL:Tk9ERS0xNw==,1
The team should arrive at the location before sunset.,0
The supplies are expected to arrive tomorrow. || SIGNAL:TUlTU0lPTi0xMg==,1
The report will be submitted before the deadline.,0
The meeting has been moved to the main office. || SIGNAL:TUlTU0lPTi0xMg==,1
The unit will conduct routine training this afternoon. || SIGNAL:REVMVEEtMjE=,1
The vehicle maintenance is scheduled for Monday.,0
The team should arrive at the location before sunset.,0
The meeting has been moved to the main office. || SIGNAL:REVMVEEtMjE=,1
The equipment inspection will begin at nine.,0
The meeting has been moved to the main office. || SIGNAL:Tk9ERS0xNw==,1
The team should arrive at the location before sunset. || SIGNAL:Tk9ERS0xNw==,1
The meeting has been moved to the main office. || SIGNAL:Q0hFQ0tQT0lOVC0wMw==,1
The weather is expected to remain clear today. || SIGNAL:QUxQSEEtMDE=,1
The team will meet at the training center tomorrow. || SIGNAL:QUxQSEEtMDE=,1
The report will be submitted before the deadline. || SIGNAL:QlJBVk8tMDc=,1
The weather is expected to remain clear today.,0
The team will meet at the training center tomorrow. || SIGNAL:VEFTSy0wOQ==,1
The equipment inspection will begin at nine.,0
The meeting has been moved to the main office. || SIGNAL:QlJBVk8tMDc=,1
The weather is expected to remain clear today. || SIGNAL:QlJBVk8tMDc=,1
The exercise will continue according to the schedule. || SIGNAL:Tk9ERS0xNw==,1
The vehicle maintenance is scheduled for Monday. || SIGNAL:Tk9ERS0xNw==,1
The exercise will continue according to the schedule.,0
The team will meet at the training center tomorrow.,0
The team should arrive at the location before sunset. || SIGNAL:U1RBVFVTLVJFRA==,1
The exercise will continue according to the schedule.,0
The team should arrive at the location before sunset.,0
The report will be submitted before the deadline. || SIGNAL:QlJBVk8tMDc=,1
The equipment inspection will begin at nine. || SIGNAL:Tk9ERS0xNw==,1
The unit will conduct routine training this afternoon. || SIGNAL:Q0hFQ0tQT0lOVC0wMw==,1
The report will be submitted before the deadline.,0
The vehicle maintenance is scheduled for Monday.,0
The supplies are expected to arrive tomorrow. || SIGNAL:Uk9VVEUtMDg=,1
The team should arrive at the location before sunset. || SIGNAL:Uk9VVEUtMDg=,1
The team will meet at the training center tomorrow. || SIGNAL:QUxQSEEtMDE=,1
The weather is expected to remain clear today. || SIGNAL:Tk9ERS0xNw==,1
The report will be submitted before the deadline. || SIGNAL:QUxQSEEtMDE=,1
The equipment inspection will begin at nine.,0
The weather is expected to remain clear today.,0
The equipment inspection will begin at nine. || SIGNAL:Tk9ERS0xNw==,1
The equipment inspection will begin at nine.,0
The meeting has been moved to the main office.,0
The meeting has been moved to the main office.,0
The report will be submitted before the deadline. || SIGNAL:Uk9VVEUtMDg=,1
The team should arrive at the location before sunset.,0
The meeting has been moved to the main office. || SIGNAL:U1RBVFVTLUdSRUVO,1
The supplies are expected to arrive tomorrow.,0
The team should arrive at the location before sunset. || SIGNAL:Uk9VVEUtMDg=,1
The weather is expected to remain clear today.,0
The equipment inspection will begin at nine. || SIGNAL:Uk9VVEUtMDg=,1
The vehicle maintenance is scheduled for Monday. || SIGNAL:U1RBVFVTLUdSRUVO,1
The equipment inspection will begin at nine.,0
The meeting has been moved to the main office.,0
The exercise will continue according to the schedule.,0
The supplies are expected to arrive tomorrow.,0
The unit will conduct routine training this afternoon. || SIGNAL:Uk9VVEUtMDg=,1
The supplies are expected to arrive tomorrow.,0
The unit will conduct routine training this afternoon.,0
The report will be submitted before the deadline. || SIGNAL:Uk9VVEUtMDg=,1
The vehicle maintenance is scheduled for Monday.,0
The team will meet at the training center tomorrow.,0
The equipment inspection will begin at nine. || SIGNAL:Tk9ERS0xNw==,1
The weather is expected to remain clear today. || SIGNAL:VEFTSy0wOQ==,1
The team will meet at the training center tomorrow.,0
The supplies are expected to arrive tomorrow.,0
The unit will conduct routine training this afternoon. || SIGNAL:REVMVEEtMjE=,1
The exercise will continue according to the schedule. || SIGNAL:TUlTU0lPTi0xMg==,1
The weather is expected to remain clear today. || SIGNAL:QlJBVk8tMDc=,1
The exercise will continue according to the schedule. || SIGNAL:QlJBVk8tMDc=,1
The vehicle maintenance is scheduled for Monday. || SIGNAL:U1RBVFVTLVJFRA==,1
The team should arrive at the location before sunset. || SIGNAL:QlJBVk8tMDc=,1
The supplies are expected to arrive tomorrow. || SIGNAL:TUlTU0lPTi0xMg==,1
The team should arrive at the location before sunset. || SIGNAL:Tk9ERS0xNw==,1
The equipment inspection will begin at nine. || SIGNAL:U1RBVFVTLVJFRA==,1
The equipment inspection will begin at nine.,0
The team will meet at the training center tomorrow.,0
The unit will conduct routine training this afternoon. || SIGNAL:U1RBVFVTLVJFRA==,1
The report will be submitted before the deadline.,0
The equipment inspection will begin at nine. || SIGNAL:TUlTU0lPTi0xMg==,1
The weather is expected to remain clear today.,0
The weather is expected to remain clear today. || SIGNAL:QlJBVk8tMDc=,1
The team should arrive at the location before sunset.,0
The meeting has been moved to the main office.,0
The unit will conduct routine training this afternoon.,0
The exercise will continue according to the schedule. || SIGNAL:Q0hFQ0tQT0lOVC0wMw==,1
The vehicle maintenance is scheduled for Monday.,0
The equipment inspection will begin at nine.,0
The exercise will continue according to the schedule. || SIGNAL:QUxQSEEtMDE=,1
The weather is expected to remain clear today.,0
The weather is expected to remain clear today. || SIGNAL:Uk9VVEUtMDg=,1
The meeting has been moved to the main office. || SIGNAL:U1RBVFVTLVJFRA==,1
The weather is expected to remain clear today.,0
The vehicle maintenance is scheduled for Monday.,0
The vehicle maintenance is scheduled for Monday.,0
The report will be submitted before the deadline.,0
The unit will conduct routine training this afternoon.,0
The equipment inspection will begin at nine. || SIGNAL:U1RBVFVTLUdSRUVO,1
The vehicle maintenance is scheduled for Monday.,0
The exercise will continue according to the schedule. || SIGNAL:U1RBVFVTLUdSRUVO,1
The exercise will continue according to the schedule. || SIGNAL:U1RBVFVTLVJFRA==,1
The team will meet at the training center tomorrow.,0
The equipment inspection will begin at nine.,0
The equipment inspection will begin at nine. || SIGNAL:VEFTSy0wOQ==,1
The unit will conduct routine training this afternoon. || SIGNAL:VEFTSy0wOQ==,1
The equipment inspection will begin at nine.,0
The equipment inspection will begin at nine.,0
The exercise will continue according to the schedule.,0
The unit will conduct routine training this afternoon.,0
The report will be submitted before the deadline. || SIGNAL:Q0hFQ0tQT0lOVC0wMw==,1
The exercise will continue according to the schedule. || SIGNAL:Uk9VVEUtMDg=,1
The vehicle maintenance is scheduled for Monday. || SIGNAL:Tk9ERS0xNw==,1
The unit will conduct routine training this afternoon. || SIGNAL:U1RBVFVTLVJFRA==,1
The meeting has been moved to the main office.,0
The team will meet at the training center tomorrow.,0
The equipment inspection will begin at nine.,0
The weather is expected to remain clear today. || SIGNAL:Uk9VVEUtMDg=,1
The weather is expected to remain clear today. || SIGNAL:QlJBVk8tMDc=,1
The meeting has been moved to the main office. || SIGNAL:U1RBVFVTLUdSRUVO,1
The report will be submitted before the deadline.,0
The exercise will continue according to the schedule.,0
The meeting has been moved to the main office. || SIGNAL:U1RBVFVTLVJFRA==,1
The weather is expected to remain clear today. || SIGNAL:QUxQSEEtMDE=,1
The vehicle maintenance is scheduled for Monday. || SIGNAL:QUxQSEEtMDE=,1
The unit will conduct routine training this afternoon. || SIGNAL:Tk9ERS0xNw==,1
The unit will conduct routine training this afternoon.,0
The equipment inspection will begin at nine. || SIGNAL:U1RBVFVTLUdSRUVO,1
The exercise will continue according to the schedule.,0
The team should arrive at the location before sunset. || SIGNAL:TUlTU0lPTi0xMg==,1
The meeting has been moved to the main office.,0
The equipment inspection will begin at nine.,0
The team should arrive at the location before sunset. || SIGNAL:TUlTU0lPTi0xMg==,1
The equipment inspection will begin at nine. || SIGNAL:QUxQSEEtMDE=,1
The meeting has been moved to the main office.,0
The unit will conduct routine training this afternoon. || SIGNAL:Uk9VVEUtMDg=,1
The meeting has been moved to the main office. || SIGNAL:VEFTSy0wOQ==,1
The unit will conduct routine training this afternoon. || SIGNAL:Q0hFQ0tQT0lOVC0wMw==,1
The exercise will continue according to the schedule.,0
The weather is expected to remain clear today.,0
The vehicle maintenance is scheduled for Monday.,0
The team will meet at the training center tomorrow.,0
The supplies are expected to arrive tomorrow. || SIGNAL:U1RBVFVTLUdSRUVO,1
The exercise will continue according to the schedule.,0
The exercise will continue according to the schedule. || SIGNAL:QlJBVk8tMDc=,1
The unit will conduct routine training this afternoon.,0
The supplies are expected to arrive tomorrow. || SIGNAL:U1RBVFVTLVJFRA==,1
The team should arrive at the location before sunset. || SIGNAL:Uk9VVEUtMDg=,1
The vehicle maintenance is scheduled for Monday. || SIGNAL:Q0hFQ0tQT0lOVC0wMw==,1
The vehicle maintenance is scheduled for Monday. || SIGNAL:VEFTSy0wOQ==,1
The team will meet at the training center tomorrow. || SIGNAL:U1RBVFVTLUdSRUVO,1
The weather is expected to remain clear today. || SIGNAL:U1RBVFVTLUdSRUVO,1
The team will meet at the training center tomorrow.,0
The vehicle maintenance is scheduled for Monday.,0
The exercise will continue according to the schedule.,0
The weather is expected to remain clear today.,0
The weather is expected to remain clear today. || SIGNAL:QlJBVk8tMDc=,1
The report will be submitted before the deadline.,0
The equipment inspection will begin at nine. || SIGNAL:QlJBVk8tMDc=,1
The exercise will continue according to the schedule.,0
The team should arrive at the location before sunset.,0
The equipment inspection will begin at nine. || SIGNAL:Q0hFQ0tQT0lOVC0wMw==,1
The supplies are expected to arrive tomorrow. || SIGNAL:Tk9ERS0xNw==,1
The weather is expected to remain clear today. || SIGNAL:U1RBVFVTLUdSRUVO,1
The team should arrive at the location before sunset. || SIGNAL:VEFTSy0wOQ==,1
The supplies are expected to arrive tomorrow.,0
The exercise will continue according to the schedule.,0
The vehicle maintenance is scheduled for Monday.,0
The team will meet at the training center tomorrow.,0
The exercise will continue according to the schedule. || SIGNAL:QlJBVk8tMDc=,1
The unit will conduct routine training this afternoon.,0
The meeting has been moved to the main office. || SIGNAL:QUxQSEEtMDE=,1
The team will meet at the training center tomorrow.,0
The meeting has been moved to the main office. || SIGNAL:U1RBVFVTLUdSRUVO,1
The report will be submitted before the deadline. || SIGNAL:Uk9VVEUtMDg=,1
The unit will conduct routine training this afternoon.,0
The equipment inspection will begin at nine.,0
The unit will conduct routine training this afternoon.,0
The exercise will continue according to the schedule. || SIGNAL:REVMVEEtMjE=,1
The equipment inspection will begin at nine.,0
The team will meet at the training center tomorrow. || SIGNAL:REVMVEEtMjE=,1
The vehicle maintenance is scheduled for Monday.,0
The meeting has been moved to the main office. || SIGNAL:Uk9VVEUtMDg=,1
The team should arrive at the location before sunset.,0
The exercise will continue according to the schedule. || SIGNAL:QlJBVk8tMDc=,1
The equipment inspection will begin at nine. || SIGNAL:Uk9VVEUtMDg=,1
The meeting has been moved to the main office. || SIGNAL:Uk9VVEUtMDg=,1
The vehicle maintenance is scheduled for Monday.,0
The unit will conduct routine training this afternoon.,0
The report will be submitted before the deadline.,0
The supplies are expected to arrive tomorrow. || SIGNAL:REVMVEEtMjE=,1
The report will be submitted before the deadline. || SIGNAL:Tk9ERS0xNw==,1
The unit will conduct routine training this afternoon.,0
The report will be submitted before the deadline. || SIGNAL:U1RBVFVTLUdSRUVO,1
The equipment inspection will begin at nine. || SIGNAL:REVMVEEtMjE=,1
The team will meet at the training center tomorrow.,0
The report will be submitted before the deadline. || SIGNAL:Uk9VVEUtMDg=,1
The team will meet at the training center tomorrow.,0
The team should arrive at the location before sunset.,0
The vehicle maintenance is scheduled for Monday. || SIGNAL:Q0hFQ0tQT0lOVC0wMw==,1
The team should arrive at the location before sunset. || SIGNAL:U1RBVFVTLUdSRUVO,1
The exercise will continue according to the schedule.,0
The unit will conduct routine training this afternoon.,0
The team should arrive at the location before sunset. || SIGNAL:Q0hFQ0tQT0lOVC0wMw==,1
The supplies are expected to arrive tomorrow. || SIGNAL:REVMVEEtMjE=,1
The weather is expected to remain clear today. || SIGNAL:U1RBVFVTLUdSRUVO,1
The meeting has been moved to the main office.,0
The team will meet at the training center tomorrow. || SIGNAL:U1RBVFVTLUdSRUVO,1
The team should arrive at the location before sunset.,0
The weather is expected to remain clear today.,0
The vehicle maintenance is scheduled for Monday.,0
The team should arrive at the location before sunset. || SIGNAL:Q0hFQ0tQT0lOVC0wMw==,1
The weather is expected to remain clear today. || SIGNAL:Tk9ERS0xNw==,1
The team should arrive at the location before sunset. || SIGNAL:QlJBVk8tMDc=,1
The weather is expected to remain clear today.,0
The vehicle maintenance is scheduled for Monday. || SIGNAL:Q0hFQ0tQT0lOVC0wMw==,1
The report will be submitted before the deadline.,0
The team will meet at the training center tomorrow. || SIGNAL:U1RBVFVTLUdSRUVO,1
The weather is expected to remain clear today. || SIGNAL:TUlTU0lPTi0xMg==,1
The unit will conduct routine training this afternoon. || SIGNAL:TUlTU0lPTi0xMg==,1
The vehicle maintenance is scheduled for Monday. || SIGNAL:TUlTU0lPTi0xMg==,1
The meeting has been moved to the main office. || SIGNAL:QUxQSEEtMDE=,1
The equipment inspection will begin at nine.,0
The exercise will continue according to the schedule. || SIGNAL:QlJBVk8tMDc=,1
The supplies are expected to arrive tomorrow.,0
The meeting has been moved to the main office. || SIGNAL:Q0hFQ0tQT0lOVC0wMw==,1
The meeting has been moved to the main office. || SIGNAL:Q0hFQ0tQT0lOVC0wMw==,1
The equipment inspection will begin at nine.,0
The exercise will continue according to the schedule. || SIGNAL:QlJBVk8tMDc=,1
The supplies are expected to arrive tomorrow. || SIGNAL:QlJBVk8tMDc=,1
The report will be submitted before the deadline.,0
The meeting has been moved to the main office.,0
The team should arrive at the location before sunset.,0
The supplies are expected to arrive tomorrow. || SIGNAL:U1RBVFVTLVJFRA==,1
The exercise will continue according to the schedule.,0
The unit will conduct routine training this afternoon. || SIGNAL:Tk9ERS0xNw==,1
The team should arrive at the location before sunset. || SIGNAL:Q0hFQ0tQT0lOVC0wMw==,1
The meeting has been moved to the main office. || SIGNAL:U1RBVFVTLUdSRUVO,1
The exercise will continue according to the schedule. || SIGNAL:Tk9ERS0xNw==,1
The team should arrive at the location before sunset. || SIGNAL:REVMVEEtMjE=,1
The exercise will continue according to the schedule.,0
The vehicle maintenance is scheduled for Monday. || SIGNAL:Tk9ERS0xNw==,1
The unit will conduct routine training this afternoon.,0
The team should arrive at the location before sunset.,0
The team should arrive at the location before sunset. || SIGNAL:U1RBVFVTLUdSRUVO,1
The meeting has been moved to the main office. || SIGNAL:QUxQSEEtMDE=,1
The meeting has been moved to the main office.,0
The vehicle maintenance is scheduled for Monday.,0
The team should arrive at the location before sunset.,0
The vehicle maintenance is scheduled for Monday. || SIGNAL:VEFTSy0wOQ==,1
The unit will conduct routine training this afternoon.,0
The exercise will continue according to the schedule.,0
The team will meet at the training center tomorrow.,0
The team will meet at the training center tomorrow.,0
The equipment inspection will begin at nine.,0
The vehicle maintenance is scheduled for Monday.,0
The equipment inspection will begin at nine.,0
The vehicle maintenance is scheduled for Monday.,0
The unit will conduct routine training this afternoon. || SIGNAL:U1RBVFVTLVJFRA==,1
The supplies are expected to arrive tomorrow.,0
The exercise will continue according to the schedule.,0
The exercise will continue according to the schedule.,0
The equipment inspection will begin at nine.,0
The supplies are expected to arrive tomorrow. || SIGNAL:REVMVEEtMjE=,1
The supplies are expected to arrive tomorrow. || SIGNAL:U1RBVFVTLVJFRA==,1
The meeting has been moved to the main office. || SIGNAL:Tk9ERS0xNw==,1
The report will be submitted before the deadline.,0
The equipment inspection will begin at nine.,0
The team will meet at the training center tomorrow.,0
The vehicle maintenance is scheduled for Monday. || SIGNAL:QlJBVk8tMDc=,1
The vehicle maintenance is scheduled for Monday.,0
The vehicle maintenance is scheduled for Monday.,0
The vehicle maintenance is scheduled for Monday.,0
The team should arrive at the location before sunset. || SIGNAL:Tk9ERS0xNw==,1
The vehicle maintenance is scheduled for Monday. || SIGNAL:U1RBVFVTLUdSRUVO,1
The meeting has been moved to the main office.,0
The team should arrive at the location before sunset.,0
The vehicle maintenance is scheduled for Monday. || SIGNAL:QlJBVk8tMDc=,1
The exercise will continue according to the schedule. || SIGNAL:Q0hFQ0tQT0lOVC0wMw==,1
The meeting has been moved to the main office.,0
The supplies are expected to arrive tomorrow.,0
The unit will conduct routine training this afternoon.,0
The unit will conduct routine training this afternoon.,0
The meeting has been moved to the main office.,0
The meeting has been moved to the main office. || SIGNAL:Q0hFQ0tQT0lOVC0wMw==,1
The vehicle maintenance is scheduled for Monday.,0
The vehicle maintenance is scheduled for Monday.,0
The supplies are expected to arrive tomorrow.,0
The weather is expected to remain clear today.,0
The meeting has been moved to the main office.,0
The unit will conduct routine training this afternoon. || SIGNAL:REVMVEEtMjE=,1
The team should arrive at the location before sunset. || SIGNAL:Tk9ERS0xNw==,1
The team should arrive at the location before sunset.,0
The equipment inspection will begin at nine. || SIGNAL:TUlTU0lPTi0xMg==,1
The weather is expected to remain clear today. || SIGNAL:U1RBVFVTLUdSRUVO,1
The team should arrive at the location before sunset. || SIGNAL:QlJBVk8tMDc=,1
The team should arrive at the location before sunset. || SIGNAL:U1RBVFVTLVJFRA==,1
The exercise will continue according to the schedule.,0
The unit will conduct routine training this afternoon.,0
The equipment inspection will begin at nine. || SIGNAL:Tk9ERS0xNw==,1
The exercise will continue according to the schedule.,0
The vehicle maintenance is scheduled for Monday. || SIGNAL:QUxQSEEtMDE=,1
The equipment inspection will begin at nine.,0
The equipment inspection will begin at nine.,0
The exercise will continue according to the schedule.,0
The supplies are expected to arrive tomorrow. || SIGNAL:VEFTSy0wOQ==,1
The exercise will continue according to the schedule.,0
The supplies are expected to arrive tomorrow. || SIGNAL:REVMVEEtMjE=,1
The meeting has been moved to the main office. || SIGNAL:U1RBVFVTLVJFRA==,1
The team will meet at the training center tomorrow.,0
The team will meet at the training center tomorrow.,0
The team should arrive at the location before sunset.,0
The team will meet at the training center tomorrow. || SIGNAL:QUxQSEEtMDE=,1
The supplies are expected to arrive tomorrow. || SIGNAL:QlJBVk8tMDc=,1
The supplies are expected to arrive tomorrow.,0
The team should arrive at the location before sunset. || SIGNAL:Q0hFQ0tQT0lOVC0wMw==,1
The unit will conduct routine training this afternoon. || SIGNAL:REVMVEEtMjE=,1
The unit will conduct routine training this afternoon. || SIGNAL:REVMVEEtMjE=,1
The exercise will continue according to the schedule.,0
The team will meet at the training center tomorrow. || SIGNAL:Uk9VVEUtMDg=,1
The unit will conduct routine training this afternoon. || SIGNAL:QUxQSEEtMDE=,1
The equipment inspection will begin at nine. || SIGNAL:TUlTU0lPTi0xMg==,1
The team will meet at the training center tomorrow.,0
The equipment inspection will begin at nine.,0
The supplies are expected to arrive tomorrow. || SIGNAL:U1RBVFVTLVJFRA==,1
The report will be submitted before the deadline. || SIGNAL:QUxQSEEtMDE=,1
The weather is expected to remain clear today. || SIGNAL:Uk9VVEUtMDg=,1
The weather is expected to remain clear today.,0
The team should arrive at the location before sunset.,0
The team should arrive at the location before sunset. || SIGNAL:QlJBVk8tMDc=,1
The weather is expected to remain clear today. || SIGNAL:Q0hFQ0tQT0lOVC0wMw==,1
The supplies are expected to arrive tomorrow. || SIGNAL:Tk9ERS0xNw==,1
The team should arrive at the location before sunset.,0
The team will meet at the training center tomorrow.,0
The meeting has been moved to the main office. || SIGNAL:REVMVEEtMjE=,1
The team will meet at the training center tomorrow. || SIGNAL:Uk9VVEUtMDg=,1
The equipment inspection will begin at nine. || SIGNAL:Uk9VVEUtMDg=,1
The team should arrive at the location before sunset.,0
The team will meet at the training center tomorrow.,0
The exercise will continue according to the schedule. || SIGNAL:VEFTSy0wOQ==,1
The exercise will continue according to the schedule. || SIGNAL:Tk9ERS0xNw==,1
The vehicle maintenance is scheduled for Monday.,0
The unit will conduct routine training this afternoon.,0
The vehicle maintenance is scheduled for Monday.,0
The vehicle maintenance is scheduled for Monday.,0
The team will meet at the training center tomorrow. || SIGNAL:U1RBVFVTLVJFRA==,1
The weather is expected to remain clear today. || SIGNAL:TUlTU0lPTi0xMg==,1
The supplies are expected to arrive tomorrow. || SIGNAL:VEFTSy0wOQ==,1
The supplies are expected to arrive tomorrow.,0
The equipment inspection will begin at nine.,0
The team should arrive at the location before sunset. || SIGNAL:QlJBVk8tMDc=,1
The supplies are expected to arrive tomorrow.,0
The meeting has been moved to the main office.,0
The meeting has been moved to the main office.,0
The team should arrive at the location before sunset. || SIGNAL:Q0hFQ0tQT0lOVC0wMw==,1
The vehicle maintenance is scheduled for Monday. || SIGNAL:Tk9ERS0xNw==,1
The report will be submitted before the deadline.,0
The vehicle maintenance is scheduled for Monday. || SIGNAL:VEFTSy0wOQ==,1
The exercise will continue according to the schedule.,0
The team will meet at the training center tomorrow.,0
The team will meet at the training center tomorrow.,0
The report will be submitted before the deadline.,0
The team should arrive at the location before sunset.,0
The exercise will continue according to the schedule.,0
The supplies are expected to arrive tomorrow.,0
The team will meet at the training center tomorrow. || SIGNAL:Q0hFQ0tQT0lOVC0wMw==,1
The weather is expected to remain clear today. || SIGNAL:Tk9ERS0xNw==,1
The team should arrive at the location before sunset.,0
The weather is expected to remain clear today.,0
The weather is expected to remain clear today.,0
The supplies are expected to arrive tomorrow.,0
The weather is expected to remain clear today. || SIGNAL:QUxQSEEtMDE=,1
The team will meet at the training center tomorrow.,0
The team should arrive at the location before sunset.,0
The team should arrive at the location before sunset.,0
The team will meet at the training center tomorrow. || SIGNAL:Uk9VVEUtMDg=,1
The weather is expected to remain clear today.,0
The unit will conduct routine training this afternoon. || SIGNAL:QlJBVk8tMDc=,1
The team should arrive at the location before sunset.,0
The team should arrive at the location before sunset. || SIGNAL:U1RBVFVTLVJFRA==,1
The equipment inspection will begin at nine.,0
The supplies are expected to arrive tomorrow. || SIGNAL:QUxQSEEtMDE=,1
The report will be submitted before the deadline. || SIGNAL:VEFTSy0wOQ==,1
The vehicle maintenance is scheduled for Monday.,0
The equipment inspection will begin at nine. || SIGNAL:QlJBVk8tMDc=,1
The unit will conduct routine training this afternoon. || SIGNAL:TUlTU0lPTi0xMg==,1
The unit will conduct routine training this afternoon. || SIGNAL:VEFTSy0wOQ==,1
The report will be submitted before the deadline.,0
The exercise will continue according to the schedule. || SIGNAL:Uk9VVEUtMDg=,1
The unit will conduct routine training this afternoon.,0
The report will be submitted before the deadline.,0
The unit will conduct routine training this afternoon. || SIGNAL:U1RBVFVTLVJFRA==,1
The team should arrive at the location before sunset. || SIGNAL:Q0hFQ0tQT0lOVC0wMw==,1
The vehicle maintenance is scheduled for Monday. || SIGNAL:QUxQSEEtMDE=,1
The team will meet at the training center tomorrow.,0
The team should arrive at the location before sunset.,0
The unit will conduct routine training this afternoon.,0
The supplies are expected to arrive tomorrow. || SIGNAL:Q0hFQ0tQT0lOVC0wMw==,1
The equipment inspection will begin at nine.,0
The team should arrive at the location before sunset.,0
The vehicle maintenance is scheduled for Monday. || SIGNAL:QUxQSEEtMDE=,1
The team will meet at the training center tomorrow. || SIGNAL:QUxQSEEtMDE=,1
The exercise will continue according to the schedule.,0
The team should arrive at the location before sunset.,0
The weather is expected to remain clear today.,0
The exercise will continue according to the schedule. || SIGNAL:Q0hFQ0tQT0lOVC0wMw==,1
The unit will conduct routine training this afternoon.,0
The vehicle maintenance is scheduled for Monday.,0
The equipment inspection will begin at nine.,0
The vehicle maintenance is scheduled for Monday.,0
The team should arrive at the location before sunset.,0
The supplies are expected to arrive tomorrow. || SIGNAL:Tk9ERS0xNw==,1
The supplies are expected to arrive tomorrow. || SIGNAL:Tk9ERS0xNw==,1
The exercise will continue according to the schedule.,0
The exercise will continue according to the schedule.,0
The vehicle maintenance is scheduled for Monday. || SIGNAL:U1RBVFVTLUdSRUVO,1
The weather is expected to remain clear today. || SIGNAL:QlJBVk8tMDc=,1
The team should arrive at the location before sunset.,0
The team will meet at the training center tomorrow. || SIGNAL:Tk9ERS0xNw==,1
The supplies are expected to arrive tomorrow.,0
The weather is expected to remain clear today.,0
The report will be submitted before the deadline. || SIGNAL:Q0hFQ0tQT0lOVC0wMw==,1
The weather is expected to remain clear today.,0
The supplies are expected to arrive tomorrow.,0
The weather is expected to remain clear today. || SIGNAL:QUxQSEEtMDE=,1
The team should arrive at the location before sunset. || SIGNAL:TUlTU0lPTi0xMg==,1
The equipment inspection will begin at nine. || SIGNAL:QlJBVk8tMDc=,1
The vehicle maintenance is scheduled for Monday.,0
The unit will conduct routine training this afternoon.,0
The supplies are expected to arrive tomorrow.,0
The equipment inspection will begin at nine.,0
The weather is expected to remain clear today.,0
The exercise will continue according to the schedule.,0
The exercise will continue according to the schedule.,0
The unit will conduct routine training this afternoon. || SIGNAL:Q0hFQ0tQT0lOVC0wMw==,1
The vehicle maintenance is scheduled for Monday. || SIGNAL:U1RBVFVTLUdSRUVO,1
The vehicle maintenance is scheduled for Monday. || SIGNAL:Q0hFQ0tQT0lOVC0wMw==,1
The meeting has been moved to the main office. || SIGNAL:VEFTSy0wOQ==,1
The exercise will continue according to the schedule. || SIGNAL:U1RBVFVTLVJFRA==,1
The team will meet at the training center tomorrow.,0
The unit will conduct routine training this afternoon.,0
The exercise will continue according to the schedule.,0
The unit will conduct routine training this afternoon.,0
The team will meet at the training center tomorrow.,0
The exercise will continue according to the schedule.,0
The vehicle maintenance is scheduled for Monday. || SIGNAL:U1RBVFVTLVJFRA==,1
The team will meet at the training center tomorrow. || SIGNAL:QlJBVk8tMDc=,1
The supplies are expected to arrive tomorrow. || SIGNAL:U1RBVFVTLUdSRUVO,1
The meeting has been moved to the main office.,0
The exercise will continue according to the schedule. || SIGNAL:VEFTSy0wOQ==,1
The supplies are expected to arrive tomorrow.,0
The report will be submitted before the deadline.,0
The weather is expected to remain clear today. || SIGNAL:QlJBVk8tMDc=,1
The vehicle maintenance is scheduled for Monday. || SIGNAL:REVMVEEtMjE=,1
The exercise will continue according to the schedule.,0
The unit will conduct routine training this afternoon. || SIGNAL:REVMVEEtMjE=,1
The team should arrive at the location before sunset.,0
The team should arrive at the location before sunset. || SIGNAL:TUlTU0lPTi0xMg==,1
The supplies are expected to arrive tomorrow. || SIGNAL:QlJBVk8tMDc=,1
The report will be submitted before the deadline.,0
The weather is expected to remain clear today.,0
The supplies are expected to arrive tomorrow. || SIGNAL:U1RBVFVTLVJFRA==,1
The weather is expected to remain clear today. || SIGNAL:Uk9VVEUtMDg=,1
The supplies are expected to arrive tomorrow. || SIGNAL:QlJBVk8tMDc=,1
The equipment inspection will begin at nine.,0
The exercise will continue according to the schedule. || SIGNAL:VEFTSy0wOQ==,1
The exercise will continue according to the schedule. || SIGNAL:REVMVEEtMjE=,1
The equipment inspection will begin at nine.,0
The supplies are expected to arrive tomorrow. || SIGNAL:TUlTU0lPTi0xMg==,1
The report will be submitted before the deadline. || SIGNAL:REVMVEEtMjE=,1
The vehicle maintenance is scheduled for Monday.,0
The team will meet at the training center tomorrow. || SIGNAL:Uk9VVEUtMDg=,1
The supplies are expected to arrive tomorrow.,0
The vehicle maintenance is scheduled for Monday. || SIGNAL:TUlTU0lPTi0xMg==,1
The unit will conduct routine training this afternoon. || SIGNAL:TUlTU0lPTi0xMg==,1
The exercise will continue according to the schedule.,0
The supplies are expected to arrive tomorrow. || SIGNAL:U1RBVFVTLVJFRA==,1
The report will be submitted before the deadline. || SIGNAL:QlJBVk8tMDc=,1
The weather is expected to remain clear today. || SIGNAL:VEFTSy0wOQ==,1
The equipment inspection will begin at nine. || SIGNAL:QlJBVk8tMDc=,1
The weather is expected to remain clear today.,0
The supplies are expected to arrive tomorrow.,0
The team should arrive at the location before sunset. || SIGNAL:Tk9ERS0xNw==,1
The equipment inspection will begin at nine.,0
The vehicle maintenance is scheduled for Monday.,0
The vehicle maintenance is scheduled for Monday. || SIGNAL:REVMVEEtMjE=,1
The team should arrive at the location before sunset. || SIGNAL:U1RBVFVTLUdSRUVO,1
The meeting has been moved to the main office.,0
The report will be submitted before the deadline. || SIGNAL:VEFTSy0wOQ==,1
The report will be submitted before the deadline. || SIGNAL:U1RBVFVTLUdSRUVO,1
The supplies are expected to arrive tomorrow.,0
The equipment inspection will begin at nine.,0
The team should arrive at the location before sunset.,0
The vehicle maintenance is scheduled for Monday.,0
The team will meet at the training center tomorrow. || SIGNAL:QlJBVk8tMDc=,1
The report will be submitted before the deadline. || SIGNAL:VEFTSy0wOQ==,1
The report will be submitted before the deadline.,0
The weather is expected to remain clear today. || SIGNAL:Tk9ERS0xNw==,1
The meeting has been moved to the main office. || SIGNAL:U1RBVFVTLUdSRUVO,1
The equipment inspection will begin at nine. || SIGNAL:Q0hFQ0tQT0lOVC0wMw==,1
The equipment inspection will begin at nine. || SIGNAL:Q0hFQ0tQT0lOVC0wMw==,1
The meeting has been moved to the main office. || SIGNAL:Uk9VVEUtMDg=,1
The vehicle maintenance is scheduled for Monday. || SIGNAL:QUxQSEEtMDE=,1
The team should arrive at the location before sunset. || SIGNAL:QUxQSEEtMDE=,1
The unit will conduct routine training this afternoon.,0
The supplies are expected to arrive tomorrow.,0
The supplies are expected to arrive tomorrow. || SIGNAL:REVMVEEtMjE=,1
The supplies are expected to arrive tomorrow.,0
The weather is expected to remain clear today.,0
The team should arrive at the location before sunset. || SIGNAL:TUlTU0lPTi0xMg==,1
The meeting has been moved to the main office.,0
The supplies are expected to arrive tomorrow.,0
The vehicle maintenance is scheduled for Monday.,0
The unit will conduct routine training this afternoon. || SIGNAL:TUlTU0lPTi0xMg==,1
The team will meet at the training center tomorrow.,0
The report will be submitted before the deadline.,0
The weather is expected to remain clear today. || SIGNAL:U1RBVFVTLUdSRUVO,1
The report will be submitted before the deadline. || SIGNAL:U1RBVFVTLUdSRUVO,1
The supplies are expected to arrive tomorrow.,0
The team should arrive at the location before sunset. || SIGNAL:Tk9ERS0xNw==,1
The equipment inspection will begin at nine. || SIGNAL:QUxQSEEtMDE=,1
The team should arrive at the location before sunset. || SIGNAL:U1RBVFVTLUdSRUVO,1
The supplies are expected to arrive tomorrow. || SIGNAL:Uk9VVEUtMDg=,1
The supplies are expected to arrive tomorrow. || SIGNAL:Tk9ERS0xNw==,1
The unit will conduct routine training this afternoon. || SIGNAL:REVMVEEtMjE=,1
The vehicle maintenance is scheduled for Monday.,0
The exercise will continue according to the schedule.,0
The unit will conduct routine training this afternoon. || SIGNAL:VEFTSy0wOQ==,1
The team should arrive at the location before sunset.,0
The exercise will continue according to the schedule. || SIGNAL:Q0hFQ0tQT0lOVC0wMw==,1
The report will be submitted before the deadline. || SIGNAL:VEFTSy0wOQ==,1
The vehicle maintenance is scheduled for Monday.,0
The exercise will continue according to the schedule.,0
The meeting has been moved to the main office. || SIGNAL:Q0hFQ0tQT0lOVC0wMw==,1
The team will meet at the training center tomorrow. || SIGNAL:U1RBVFVTLVJFRA==,1
The team should arrive at the location before sunset.,0
The unit will conduct routine training this afternoon. || SIGNAL:U1RBVFVTLVJFRA==,1
The supplies are expected to arrive tomorrow.,0
The exercise will continue according to the schedule. || SIGNAL:U1RBVFVTLUdSRUVO,1
The report will be submitted before the deadline.,0
The equipment inspection will begin at nine.,0
The vehicle maintenance is scheduled for Monday. || SIGNAL:REVMVEEtMjE=,1
The unit will conduct routine training this afternoon.,0
The vehicle maintenance is scheduled for Monday.,0
The report will be submitted before the deadline. || SIGNAL:Uk9VVEUtMDg=,1
The supplies are expected to arrive tomorrow. || SIGNAL:QlJBVk8tMDc=,1
The supplies are expected to arrive tomorrow. || SIGNAL:U1RBVFVTLVJFRA==,1
The unit will conduct routine training this afternoon.,0
The weather is expected to remain clear today. || SIGNAL:VEFTSy0wOQ==,1
The vehicle maintenance is scheduled for Monday.,0
The equipment inspection will begin at nine. || SIGNAL:Tk9ERS0xNw==,1
The equipment inspection will begin at nine.,0
The vehicle maintenance is scheduled for Monday.,0
The meeting has been moved to the main office.,0
The meeting has been moved to the main office. || SIGNAL:Uk9VVEUtMDg=,1
The equipment inspection will begin at nine. || SIGNAL:Q0hFQ0tQT0lOVC0wMw==,1
The meeting has been moved to the main office.,0
The exercise will continue according to the schedule. || SIGNAL:Q0hFQ0tQT0lOVC0wMw==,1
The team will meet at the training center tomorrow. || SIGNAL:QlJBVk8tMDc=,1
The equipment inspection will begin at nine. || SIGNAL:VEFTSy0wOQ==,1
The unit will conduct routine training this afternoon.,0
The team will meet at the training center tomorrow. || SIGNAL:U1RBVFVTLUdSRUVO,1
The team will meet at the training center tomorrow. || SIGNAL:REVMVEEtMjE=,1
The weather is expected to remain clear today. || SIGNAL:REVMVEEtMjE=,1
The equipment inspection will begin at nine. || SIGNAL:Q0hFQ0tQT0lOVC0wMw==,1
The weather is expected to remain clear today. || SIGNAL:Q0hFQ0tQT0lOVC0wMw==,1
The team should arrive at the location before sunset.,0
The weather is expected to remain clear today. || SIGNAL:TUlTU0lPTi0xMg==,1
The meeting has been moved to the main office. || SIGNAL:U1RBVFVTLVJFRA==,1
The team will meet at the training center tomorrow.,0
The equipment inspection will begin at nine.,0
The report will be submitted before the deadline.,0
The weather is expected to remain clear today. || SIGNAL:REVMVEEtMjE=,1
The unit will conduct routine training this afternoon. || SIGNAL:VEFTSy0wOQ==,1
The supplies are expected to arrive tomorrow.,0
The exercise will continue according to the schedule.,0
The weather is expected to remain clear today.,0
The team should arrive at the location before sunset.,0
The supplies are expected to arrive tomorrow. || SIGNAL:Uk9VVEUtMDg=,1
The equipment inspection will begin at nine.,0
The report will be submitted before the deadline.,0
The vehicle maintenance is scheduled for Monday.,0
The meeting has been moved to the main office.,0
The exercise will continue according to the schedule. || SIGNAL:Uk9VVEUtMDg=,1
The weather is expected to remain clear today.,0
The meeting has been moved to the main office.,0
The exercise will continue according to the schedule.,0
The meeting has been moved to the main office.,0
The weather is expected to remain clear today.,0
The equipment inspection will begin at nine. || SIGNAL:Uk9VVEUtMDg=,1
The vehicle maintenance is scheduled for Monday. || SIGNAL:Q0hFQ0tQT0lOVC0wMw==,1
The weather is expected to remain clear today.,0
The unit will conduct routine training this afternoon.,0
The equipment inspection will begin at nine.,0
The supplies are expected to arrive tomorrow.,0
The exercise will continue according to the schedule.,0
The report will be submitted before the deadline. || SIGNAL:U1RBVFVTLVJFRA==,1
The weather is expected to remain clear today.,0
The unit will conduct routine training this afternoon. || SIGNAL:QlJBVk8tMDc=,1
The meeting has been moved to the main office. || SIGNAL:U1RBVFVTLVJFRA==,1
The team should arrive at the location before sunset. || SIGNAL:TUlTU0lPTi0xMg==,1
The vehicle maintenance is scheduled for Monday.,0
The exercise will continue according to the schedule. || SIGNAL:REVMVEEtMjE=,1
The exercise will continue according to the schedule. || SIGNAL:Uk9VVEUtMDg=,1
The equipment inspection will begin at nine.,0
The equipment inspection will begin at nine. || SIGNAL:QUxQSEEtMDE=,1
The report will be submitted before the deadline.,0
The equipment inspection will begin at nine.,0
The vehicle maintenance is scheduled for Monday. || SIGNAL:U1RBVFVTLUdSRUVO,1
The report will be submitted before the deadline.,0
The team should arrive at the location before sunset. || SIGNAL:QlJBVk8tMDc=,1
The report will be submitted before the deadline. || SIGNAL:Q0hFQ0tQT0lOVC0wMw==,1
The vehicle maintenance is scheduled for Monday. || SIGNAL:TUlTU0lPTi0xMg==,1
The meeting has been moved to the main office. || SIGNAL:Tk9ERS0xNw==,1
The unit will conduct routine training this afternoon. || SIGNAL:Uk9VVEUtMDg=,1
The team will meet at the training center tomorrow. || SIGNAL:QlJBVk8tMDc=,1
The supplies are expected to arrive tomorrow.,0
The team should arrive at the location before sunset.,0
The vehicle maintenance is scheduled for Monday. || SIGNAL:Uk9VVEUtMDg=,1
The equipment inspection will begin at nine.,0
The exercise will continue according to the schedule.,0
The supplies are expected to arrive tomorrow.,0
The report will be submitted before the deadline.,0
The team will meet at the training center tomorrow.,0
The unit will conduct routine training this afternoon.,0
The unit will conduct routine training this afternoon. || SIGNAL:Q0hFQ0tQT0lOVC0wMw==,1
The supplies are expected to arrive tomorrow. || SIGNAL:Q0hFQ0tQT0lOVC0wMw==,1
The team will meet at the training center tomorrow.,0
The team should arrive at the location before sunset.,0
The unit will conduct routine training this afternoon.,0
The team should arrive at the location before sunset.,0
The weather is expected to remain clear today. || SIGNAL:TUlTU0lPTi0xMg==,1
The team should arrive at the location before sunset.,0
The unit will conduct routine training this afternoon.,0
The report will be submitted before the deadline.,0
The meeting has been moved to the main office.,0
The equipment inspection will begin at nine.,0
The team will meet at the training center tomorrow. || SIGNAL:REVMVEEtMjE=,1
The meeting has been moved to the main office. || SIGNAL:QlJBVk8tMDc=,1
The unit will conduct routine training this afternoon.,0
The exercise will continue according to the schedule. || SIGNAL:Q0hFQ0tQT0lOVC0wMw==,1
The vehicle maintenance is scheduled for Monday.,0
The unit will conduct routine training this afternoon. || SIGNAL:Q0hFQ0tQT0lOVC0wMw==,1
The supplies are expected to arrive tomorrow. || SIGNAL:TUlTU0lPTi0xMg==,1
The report will be submitted before the deadline.,0
The unit will conduct routine training this afternoon.,0
The team will meet at the training center tomorrow. || SIGNAL:REVMVEEtMjE=,1
The report will be submitted before the deadline.,0
The supplies are expected to arrive tomorrow.,0
The meeting has been moved to the main office. || SIGNAL:Q0hFQ0tQT0lOVC0wMw==,1
The team will meet at the training center tomorrow.,0
The exercise will continue according to the schedule. || SIGNAL:QUxQSEEtMDE=,1
The team will meet at the training center tomorrow.,0
The weather is expected to remain clear today.,0
The exercise will continue according to the schedule.,0
The team should arrive at the location before sunset. || SIGNAL:VEFTSy0wOQ==,1
The weather is expected to remain clear today. || SIGNAL:U1RBVFVTLUdSRUVO,1
The team will meet at the training center tomorrow. || SIGNAL:VEFTSy0wOQ==,1
The vehicle maintenance is scheduled for Monday. || SIGNAL:Tk9ERS0xNw==,1
The report will be submitted before the deadline. || SIGNAL:U1RBVFVTLUdSRUVO,1
The meeting has been moved to the main office.,0
The unit will conduct routine training this afternoon. || SIGNAL:QUxQSEEtMDE=,1
The team will meet at the training center tomorrow.,0
The unit will conduct routine training this afternoon.,0
The weather is expected to remain clear today.,0
The team will meet at the training center tomorrow.,0
The report will be submitted before the deadline.,0
The report will be submitted before the deadline.,0
The equipment inspection will begin at nine.,0
The unit will conduct routine training this afternoon. || SIGNAL:TUlTU0lPTi0xMg==,1
The unit will conduct routine training this afternoon. || SIGNAL:QUxQSEEtMDE=,1
The report will be submitted before the deadline. || SIGNAL:Q0hFQ0tQT0lOVC0wMw==,1
The unit will conduct routine training this afternoon. || SIGNAL:QUxQSEEtMDE=,1
